"TownsNM","region","town_area_ha","current_can_ha","current_can_prop","n_trees_plantable","n_trees_plantable_npg","n_trees_plantable_pub","target_can_area_ha","req_can_area_ha","n_trees_needed","deficit","deficit_npg","deficit_pub"
"Barking and Dagenham","GrLondEng",3608.4325659,321.018832,0.089,156303,48744,48184,721.68651318,400.66768118,125209,0,76465,77025
"Barnet","GrLondEng",8675.09136117,1902.12823,0.2193,361332,78799,72123,1735.018272234,0,0,0,0,0
"Barnsley","YorkHumberEng",5362.22730686,668.030585,0.1246,179137,59904,57551,1072.445461372,404.414876372,126380,0,66476,68829
"Basildon","EastEng",5042.30078523,955.306848,0.1895,136966,38246,36217,1008.460157046,53.153309046,16610,0,0,0
"Basingstoke","SEEng",3455.90818211,665.700513,0.1926,150162,42342,40732,691.181636422,25.481123422,7963,0,0,0
"Bath","SWEng",3942.3811848,1014.475603,0.2573,127837,27117,23781,788.47623696,0,0,0,0,0
"Bedford","EastEng",3361.79426301,402.625099,0.1198,127517,39572,37339,672.358852602,269.733753602,84292,0,44720,46953
"Bexley","GrLondEng",6054.09996278,984.903423,0.1627,281061,62888,60889,1210.819992556,225.916569556,70599,0,7711,9710
"Birkenhead","NWEng",2542.29939762,415.756282,0.1635,117986,33212,31048,508.459879524,92.703597524,28970,0,0,0
"Birmingham","WMidlandEng",26126.00355122,4197.362621,0.1607,1242381,336333,314237,5225.200710244,1027.838089244,321199,0,0,6962
"Blackburn","NWEng",4400.47328398,455.611315,0.1035,151230,50478,47284,880.094656796,424.483341796,132651,0,82173,85367
"Blackpool","NWEng",4253.80490781,262.664262,0.0617,213349,63983,60131,850.760981562,588.096719562,183780,0,119797,123649
"Bolton","NWEng",5414.01826175,1043.171228,0.1927,195320,47533,44296,1082.80365235,39.6324243500003,12385,0,0,0
"Bournemouth","SWEng",4873.98341956,908.86182,0.1865,231955,31825,28838,974.796683912,65.934863912,20605,0,0,0
"Bracknell","SEEng",2541.85937848,674.080849,0.2652,108049,26063,25138,508.371875696,0,0,0,0,0
"Bradford","YorkHumberEng",11537.6788014,1423.91186,0.1234,407584,118572,111946,2307.53576028,883.62390028,276132,0,157560,164186
"Brent","GrLondEng",4322.96677874,585.517906,0.1354,197584,38153,36479,864.593355748,279.075449748,87211,0,49058,50732
"Brighton and Hove","SEEng",4568.90357431,549.870793,0.1204,178816,44159,40118,913.780714862,363.909921862,113722,0,69563,73604
"Bristol","SWEng",14515.75472204,2430.659362,0.1674,599349,138422,128483,2903.150944408,472.491582408,147654,0,9232,19171
"Bromley","GrLondEng",11894.10657281,3000.849199,0.2523,465453,86550,73129,2378.821314562,0,0,0,0,0
"Burnley","NWEng",3132.94624692,390.140906,0.1245,104273,38526,37069,626.589249384,236.448343384,73890,0,35364,36821
"Burton upon Trent","WMidlandEng",3564.33692221,455.521384,0.1278,116324,25354,22623,712.867384442,257.346000442,80421,0,55067,57798
"Bury","NWEng",3923.19483962,619.531156,0.1579,123445,39424,38016,784.638967924,165.107811924,51596,0,12172,13580
"Cambridge","EastEng",6396.61720757,595.257629,0.0931,228462,86213,69823,1279.323441514,684.065812514,213771,0,127558,143948
"Camden","GrLondEng",2179.0917606,477.17695,0.219,72527,25326,25380,435.81835212,0,0,0,0,0
"Cardiff","Wales",11007.23839369,1933.566528,0.1757,393319,104401,98284,2201.447678738,267.881150738,83713,0,0,0
"Carlisle","NWEng",2641.81450934,244.518372,0.0926,115716,39653,36490,528.362901868,283.844529868,88701,0,49048,52211
"Chatham","SEEng",2076.97609665,561.040414,0.2701,92631,18676,18033,415.39521933,0,0,0,0,0
"Chelmsford","EastEng",4201.64621297,558.57157,0.1329,148555,29927,26255,840.329242594,281.757672594,88049,0,58122,61794
"Cheltenham","SWEng",4286.29675449,517.889503,0.1208,170962,31304,27611,857.259350898,339.369847898,106053,0,74749,78442
"Chester","NWEng",3063.09589684,386.388357,0.1261,129643,28340,24092,612.619179368,226.230822368,70697,0,42357,46605
"Chesterfield","EMidlandEng",4082.27081565,781.479981,0.1914,159040,35518,32545,816.45416313,34.97418213,10929,0,0,0
"City of London","GrLondEng",289.25497778,9.426961,0.0326,3408,3320,3181,57.850995556,48.424034556,15133,11725,11813,11952
"Colchester","EastEng",5700.58164429,1069.611072,0.1876,207597,66016,56375,1140.116328858,70.5052568579999,22033,0,0,0
"Coventry","WMidlandEng",9167.07828824,1459.580394,0.1592,402575,101644,92957,1833.415657648,373.835263648,116824,0,15180,23867
"Crawley","SEEng",2892.7242436,605.765122,0.2094,132356,38418,35220,578.54484872,0,0,0,0,0
"Croydon","GrLondEng",8261.69954148,2057.545407,0.249,365885,57369,50750,1652.339908296,0,0,0,0,0
"Darlington","NEEng",3004.13952415,367.532114,0.1223,133356,37442,35611,600.82790483,233.29579083,72905,0,35463,37294
"Derby","EMidlandEng",7911.5060989,1121.26926,0.1417,357577,73392,68066,1582.30121978,461.03195978,144072,0,70680,76006
"Doncaster","YorkHumberEng",6131.97666554,753.428472,0.1229,207652,65902,57234,1226.395333108,472.966861108,147802,0,81900,90568
"Dudley","WMidlandEng",2903.44611,598.534565,0.2061,134218,29784,26037,580.689222,0,0,0,0,0
"Ealing","GrLondEng",5552.57036278,917.582911,0.1653,223641,47838,43302,1110.514072556,192.931161556,60291,0,12453,16989
"Eastbourne","SEEng",3178.69107477,518.475023,0.1631,132951,28654,25625,635.738214954,117.263191954,36645,0,7991,11020
"Enfield","GrLondEng",6787.53197967,1029.657206,0.1517,273881,60019,53656,1357.506395934,327.849189934,102453,0,42434,48797
"Exeter","SWEng",4331.75764814,953.726692,0.2202,146489,39129,31988,866.351529628,0,0,0,0,0
"Gateshead","NEEng",3720.45118316,510.363073,0.1372,155605,58442,54684,744.090236632,233.727163632,73040,0,14598,18356
"Gillingham","SEEng",3092.50441249,510.375737,0.165,130300,30442,28969,618.500882498,108.125145498,33789,0,3347,4820
"Gloucester","SWEng",5285.98747077,684.444986,0.1295,202378,45226,41530,1057.197494154,372.752508154,116485,0,71259,74955
"Greenwich","GrLondEng",4732.20448904,961.600147,0.2032,195712,57827,52547,946.440897808,0,0,0,0,0
"Grimsby","YorkHumberEng",2892.21522694,177.946357,0.0615,123793,28168,26277,578.443045388,400.496688388,125155,1362,96987,98878
"Guildford","SEEng",3672.51784993,904.550092,0.2463,125551,27209,22065,734.503569986,0,0,0,0,0
"Hackney","GrLondEng",1906.60752016,270.116472,0.1417,66842,20048,18694,381.321504032,111.205032032,34752,0,14704,16058
"Halifax","YorkHumberEng",3493.84769565,681.394023,0.195,97527,28980,27586,698.76953913,17.3755161300001,5430,0,0,0
"Hammersmith and Fulham","GrLondEng",1641.04869432,200.089296,0.1219,49845,13028,12469,328.209738864,128.120442864,40038,0,27010,27569
"Haringey","GrLondEng",2958.48706184,519.495849,0.1756,120695,24244,22648,591.697412368,72.2015633680001,22563,0,0,0
"Harlow","EastEng",2922.92779018,507.441682,0.1736,107200,36157,33819,584.585558036,77.1438760360001,24107,0,0,0
"Harrogate","YorkHumberEng",2936.17361054,565.941441,0.1927,109263,21929,20254,587.234722108,21.293281108,6654,0,0,0
"Harrow","GrLondEng",4758.18230377,885.799358,0.1862,245011,37600,35170,951.636460754,65.8371027539999,20574,0,0,0
"Hartlepool","NEEng",4079.21499581,199.661914,0.0489,147073,53733,51505,815.842999162,616.181085162,192557,45484,138824,141052
"Hastings","SEEng",2981.79795133,863.685021,0.2897,114519,24499,22952,596.359590266,0,0,0,0,0
"Havering","GrLondEng",6960.68136326,1163.724998,0.1672,308434,59252,56582,1392.136272652,228.411274652,71379,0,12127,14797
"Hemel Hempstead","EastEng",4321.33583713,761.119274,0.1761,145224,41599,39427,864.267167426,103.147893426,32234,0,0,0
"High Wycombe","SEEng",5411.28927271,1270.63971,0.2348,174564,38413,36211,1082.257854542,0,0,0,0,0
"Hillingdon","GrLondEng",10048.31716029,1880.620919,0.1872,365097,115144,109295,2009.663432058,129.042513058,40326,0,0,0
"Hounslow","GrLondEng",5595.73044147,983.13662,0.1757,220045,71886,68047,1119.146088294,136.009468294,42503,0,0,0
"Huddersfield","YorkHumberEng",8150.35411989,1798.804051,0.2207,229331,56687,52714,1630.070823978,0,0,0,0,0
"Ipswich","EastEng",4798.23332656,834.08527,0.1738,207295,46335,40877,959.646665312,125.561395312,39238,0,0,0
"Islington","GrLondEng",1486.3506104,242.287083,0.163,49782,10841,10422,297.27012208,54.98303908,17182,0,6341,6760
"Kensington and Chelsea","GrLondEng",1213.87249572,205.931196,0.1696,36563,10714,10160,242.774499144,36.843303144,11514,0,800,1354
"Kingston upon Hull","YorkHumberEng",9274.56946227,764.972205,0.0825,388640,120489,112146,1854.913892454,1089.941687454,340607,0,220118,228461
"Kingston upon Thames","GrLondEng",3723.40333078,718.83995,0.1931,162675,24562,19839,744.680666156,25.840716156,8075,0,0,0
"Lambeth","GrLondEng",2682.58249938,421.167612,0.157,111950,23648,22763,536.516499876,115.348887876,36047,0,12399,13284
"Leeds","YorkHumberEng",15075.30442917,2516.779124,0.1669,601117,175427,161823,3015.060885834,498.281761834,155713,0,0,0
"Leicester","EMidlandEng",10419.15040689,1482.006505,0.1422,433779,114313,104676,2083.830081378,601.823576378,188070,0,73757,83394
"Lewisham","GrLondEng",3515.98851033,622.461835,0.177,169551,36340,35231,703.197702066,80.7358670660001,25230,0,0,0
"Lincoln","EMidlandEng",5211.42614293,482.889662,0.0927,189103,71776,66895,1042.285228586,559.395566586,174811,0,103035,107916
"Liverpool","NWEng",14428.0973132,2154.265704,0.1493,627385,200008,184804,2885.61946264,731.35375864,228548,0,28540,43744
"Luton","EastEng",4669.46797678,636.377224,0.1363,218304,41488,39817,933.893595356,297.516371356,92974,0,51486,53157
"Maidstone","SEEng",3724.26825538,552.954249,0.1485,188627,57327,54942,744.853651076,191.899402076,59969,0,2642,5027
"Manchester","NWEng",11417.23958861,2163.665285,0.1895,450673,132657,123734,2283.447917722,119.782632722,37432,0,0,0
"Mansfield","EMidlandEng",3951.52989614,523.166791,0.1324,152425,39530,36083,790.305979228,267.139188228,83481,0,43951,47398
"Merton","GrLondEng",3763.4326628,769.290249,0.2044,157188,30231,27509,752.68653256,0,0,0,0,0
"Middlesbrough","NEEng",6281.08593971,753.163644,0.1199,281184,99328,91313,1256.217187942,503.053543942,157204,0,57876,65891
"Milton Keynes","SEEng",7300.25026077,1299.251131,0.178,342879,177347,171096,1460.050052154,160.798921154,50250,0,0,0
"Newcastle upon Tyne","NEEng",6828.40522991,940.810494,0.1378,288836,83830,76551,1365.681045982,424.870551982,132772,0,48942,56221
"Newcastle-under-Lyme","WMidlandEng",3224.71152617,697.993167,0.2165,133469,39540,37604,644.942305234,0,0,0,0,0
"Newham","GrLondEng",3623.24516748,427.152201,0.1179,119559,37424,36202,724.649033496,297.496832496,92968,0,55544,56766
"Newport","Wales",6899.59127385,1281.303562,0.1857,209198,79557,76825,1379.91825477,98.6146927700001,30817,0,0,0
"Northampton","EMidlandEng",7594.95671694,947.998964,0.1248,333696,107561,98890,1518.991343388,570.992379388,178435,0,70874,79545
"Norwich","EastEng",7124.69937702,992.933644,0.1394,325485,93279,83493,1424.939875404,432.006231404,135002,0,41723,51509
"Nottingham","EMidlandEng",7242.7906671,895.780378,0.1237,340241,84692,68174,1448.55813342,552.77775542,172743,0,88051,104569
"Nuneaton","WMidlandEng",4682.27806938,655.198145,0.1399,133554,32430,30130,936.455613876,281.257468876,87893,0,55463,57763
"Oldham","NWEng",3130.85239001,500.6202,0.1599,106211,34308,31631,626.170478002,125.550278002,39234,0,4926,7603
"Oxford","SEEng",4942.2790373,1060.711204,0.2146,165113,44947,33912,988.45580746,0,0,0,0,0
"Peterborough","EastEng",6411.95513187,886.585497,0.1383,263951,87857,78610,1282.391026374,395.805529374,123689,0,35832,45079
"Plymouth","SWEng",8218.12692488,1756.689664,0.2138,328093,87592,77978,1643.625384976,0,0,0,0,0
"Poole","SWEng",5737.22933649,1204.945168,0.21,251473,36762,33713,1147.445867298,0,0,0,0,0
"Portsmouth","SEEng",4524.39523022,271.512005,0.06,184004,59443,51984,904.879046044,633.367041044,197927,13923,138484,145943
"Preston","NWEng",5116.20795685,734.714467,0.1436,185872,60496,56374,1023.24159137,288.52712437,90165,0,29669,33791
"Reading","SEEng",8147.29007852,1647.824405,0.2023,345356,71798,62827,1629.458015704,0,0,0,0,0
"Redbridge","GrLondEng",5027.58762765,836.004493,0.1663,234569,50941,47475,1005.51752553,169.51303253,52973,0,2032,5498
"Redditch","WMidlandEng",3268.85793569,850.476605,0.2602,131384,37328,35013,653.771587138,0,0,0,0,0
"Richmond upon Thames","GrLondEng",5304.06986583,1333.591393,0.2514,168301,32410,28081,1060.813973166,0,0,0,0,0
"Rochdale","NWEng",3568.93462335,590.921141,0.1656,122977,33215,31104,713.78692467,122.86578367,38396,0,5181,7292
"Rotherham","YorkHumberEng",4902.81632073,674.996815,0.1377,177924,54363,50840,980.563264146,305.566449146,95490,0,41127,44650
"Salford","NWEng",2110.4640981,332.592713,0.1576,71842,22997,20412,422.09281962,89.50010662,27969,0,4972,7557
"Scunthorpe","YorkHumberEng",4090.15659023,394.542255,0.0965,139541,38895,37106,818.031318046,423.489063046,132340,0,93445,95234
"Sheffield","YorkHumberEng",16085.27529029,2970.210816,0.1847,702035,206392,194395,3217.055058058,246.844242058,77139,0,0,0
"Shrewsbury","WMidlandEng",3262.01346939,446.555395,0.1369,129400,29482,27245,652.402693878,205.847298878,64327,0,34845,37082
"Slough","SEEng",3512.76334291,528.375745,0.1504,147179,34607,31289,702.552668582,174.176923582,54430,0,19823,23141
"Solihull","WMidlandEng",3651.97471398,722.74909,0.1979,180921,27046,24364,730.394942796,7.6458527960001,2389,0,0,0
"South Shields","NEEng",1879.44567407,119.685969,0.0637,96909,31300,29777,375.889134814,256.203165814,80063,0,48763,50286
"Southampton","SEEng",7985.47712691,1785.349273,0.2236,286699,69661,63456,1597.095425382,0,0,0,0,0
"Southend-on-Sea","EastEng",5243.6610825,668.413858,0.1275,234159,46218,43535,1048.7322165,380.3183585,118849,0,72631,75314
"Southport","NWEng",3687.61028651,317.525673,0.0861,159276,32793,30344,737.522057302,419.996384302,131249,0,98456,100905
"Southwark","GrLondEng",2884.83391887,533.627999,0.185,95834,25743,23863,576.966783774,43.338784774,13543,0,0,0
"St Albans","EastEng",3077.88767245,556.242866,0.1807,116430,28308,26386,615.57753449,59.33466849,18542,0,0,0
"St Helens","NWEng",4444.79172566,673.713871,0.1516,163413,58861,55350,888.958345132,215.244474132,67264,0,8403,11914
"Stevenage","EastEng",2673.35268902,564.994572,0.2113,107940,31999,29942,534.670537804,0,0,0,0,0
"Stockport","NWEng",3135.46714204,637.645402,0.2034,133878,26365,25078,627.093428408,0,0,0,0,0
"Stockton-on-Tees","NEEng",3254.61234256,341.594389,0.105,139561,48222,46409,650.922468512,309.328079512,96665,0,48443,50256
"Stoke-on-Trent","WMidlandEng",12363.26946216,1990.453606,0.161,415343,124578,117185,2472.653892432,482.200286432,150688,0,26110,33503
"Sunderland","NEEng",5148.50888567,464.087708,0.0901,235789,85599,79636,1029.701777134,565.614069134,176754,0,91155,97118
"Sutton","GrLondEng",4384.88009836,734.994324,0.1676,220050,35671,31528,876.976019672,141.981695672,44369,0,8698,12841
"Sutton Coldfield","WMidlandEng",5634.61614849,1332.435773,0.2365,211307,27835,22757,1126.923229698,0,0,0,0,0
"Swansea","Wales",8170.46626818,1786.22557,0.2186,321413,119051,110640,1634.093253636,0,0,0,0,0
"Swindon","SWEng",7012.71458664,1140.376871,0.1626,273659,91379,89896,1402.542917328,262.166046328,81927,0,0,0
"Telford","WMidlandEng",7455.58753275,1859.573557,0.2494,285011,85459,80265,1491.11750655,0,0,0,0,0
"Tower Hamlets","GrLondEng",1973.87675127,246.090945,0.1247,49827,20194,20204,394.775350254,148.684405254,46464,0,26270,26260
"Wakefield","YorkHumberEng",5666.32158015,633.695855,0.1118,199122,65930,59540,1133.26431603,499.56846103,156115,0,90185,96575
"Walsall","WMidlandEng",2137.46314738,375.697786,0.1758,89029,21896,19918,427.492629476,51.794843476,16186,0,0,0
"Waltham Forest","GrLondEng",3880.89346071,697.945213,0.1798,147302,27379,25165,776.178692142,78.2334791420001,24448,0,0,0
"Wandsworth","GrLondEng",3424.79069059,669.556534,0.1955,120008,27896,24588,684.958138118,15.401604118,4813,0,0,0
"Warrington","NWEng",7029.78046343,1385.187715,0.197,254630,71881,68452,1405.956092686,20.7683776860001,6490,0,0,0
"Watford","EastEng",4839.32860876,1151.754555,0.238,174434,46817,43644,967.865721752,0,0,0,0,0
"West Bromwich","WMidlandEng",2878.02071907,456.100586,0.1585,112257,35080,33196,575.604143814,119.503557814,37345,0,2265,4149
"Westminster","GrLondEng",2146.39939418,359.434703,0.1675,56304,34068,33333,429.279878836,69.845175836,21827,0,0,0
"Weston-Super-Mare","SWEng",2976.37445139,513.592081,0.1726,112564,22810,21234,595.274890278,81.682809278,25526,0,2716,4292
"Wigan","NWEng",3148.1539251,562.188907,0.1786,116404,33361,32340,629.63078502,67.4418780200001,21076,0,0,0
"Woking","SEEng",6301.62312995,1897.0996,0.301,183842,35793,28289,1260.32462599,0,0,0,0,0
"Wolverhampton","WMidlandEng",6392.0271671,1021.651086,0.1598,328046,56061,51281,1278.40543342,256.75434742,80236,0,24175,28955
"Worcester","WMidlandEng",3328.84901797,514.93861,0.1547,144779,25970,23035,665.769803594,150.831193594,47135,0,21165,24100
"Worthing","SEEng",3614.79296912,356.87358,0.0987,167814,25306,21490,722.958593824,366.085013824,114402,0,89096,92912
"York","YorkHumberEng",5167.97476901,629.593704,0.1218,182142,39245,34720,1033.594953802,404.001249802,126250,0,87005,91530
